delete from role;
insert into role values(1,'admin');
insert into role values(2,'doctor');
insert into role values(3,'researcher');
insert into role values(4,'nurse');
delete from specialty;
insert into specialty values(1,'common medicine');
insert into specialty values(2,'psychologist');
insert into specialty values(3,'ortophedist');
delete from person;
insert into person(uid,name,surname,JMBG) values ('0d60a85e-0b90-4482-a14c-108aea2557aa', 'Peter', 'Parker', '1223123123123');
insert into person(uid,name,surname,JMBG) values ('39240e9f-ae09-4e95-9fd0-a712035c8ad7', 'Bruce', 'Banner', '2352352352352');
insert into person(uid,name,surname,JMBG) values ('9e4de779-d6a0-44bc-a531-20cdb97178d2', 'Thor', 'Odinson', '9112491249994');
insert into person(uid,name,surname,JMBG) values ('66a45c1b-19af-4ab5-8747-1b0e2d79339d', 'Natasha', 'Romanova', '255422211234');
delete from patient;
insert into patient(person_uid,medical_record_id,health_card_id,health_card_valid_until) values('66a45c1b-19af-4ab5-8747-1b0e2d79339d','123123','1233123',now());
delete from employee;
insert into employee values ('0d60a85e-0b90-4482-a14c-108aea2557aa', '0d60a85e-0b90-4482-a14c-108aea2557aa', '1223123123123',1);
insert into employee values ('39240e9f-ae09-4e95-9fd0-a712035c8ad7', '39240e9f-ae09-4e95-9fd0-a712035c8ad7', '2352352352352',2);
insert into employee values ('9e4de779-d6a0-44bc-a531-20cdb97178d2', '9e4de779-d6a0-44bc-a531-20cdb97178d2', '9112491249994',3);
insert into employee values ('66a45c1b-19af-4ab5-8747-1b0e2d79339d', '66a45c1b-19af-4ab5-8747-1b0e2d79339d', '255422211234',4);
delete from system_user;
insert into system_user(uid,employee_uid,username,password) values ('0d60a85e-0b90-4482-a14c-108aea2557aa','0d60a85e-0b90-4482-a14c-108aea2557aa','spiderman','9f05aa4202e4ce8d6a72511dc735cce9');
insert into system_user(uid,employee_uid,username,password) values ('39240e9f-ae09-4e95-9fd0-a712035c8ad7','39240e9f-ae09-4e95-9fd0-a712035c8ad7','hulk','76254239879f7ed7d73979f1f7543a7e');
insert into system_user(uid,employee_uid,username,password) values ('9e4de779-d6a0-44bc-a531-20cdb97178d2','9e4de779-d6a0-44bc-a531-20cdb97178d2','thor','575e22bc356137a41abdef379b776dba');
insert into system_user(uid,employee_uid,username,password) values ('66a45c1b-19af-4ab5-8747-1b0e2d79339d','66a45c1b-19af-4ab5-8747-1b0e2d79339d','widow','c9ad31e5740747285dae5c168715d2de');

insert into patient(uid,person_uid,medical_record_id,health_card_id,health_card_valid_until) values('66a45c1b-19af-4ab5-8747-1b0e2d79339d','66a45c1b-19af-4ab5-8747-1b0e2d79339d','123123','1233123',now());
insert into examination(uid,doctor_uid, patient_uid, examination_date) values('66a45c1b-19af-4ab5-8747-1b0e2d79339d','39240e9f-ae09-4e95-9fd0-a712035c8ad7','66a45c1b-19af-4ab5-8747-1b0e2d79339d', now());
insert into test(uid, name, specialty_id, questions) values ('66a45c1b-19af-4ab5-8747-1b0e2d79339d', 'test', 1,'{"Questions": [{"Type": 1, "Answers": [], "Question": "How are you feeling?"}, {"Type": 3, "Answers": ["1", "2", "3", "4", "5", "6", "7", "8", "9", "10"], "Question": "How bad is the pain?"}, {"Type": 2, "Answers": [], "Question": "What is your date of birth?"}]}');
insert into filled_test(examination_uid, test_uid, answers) values ('66a45c1b-19af-4ab5-8747-1b0e2d79339d', '66a45c1b-19af-4ab5-8747-1b0e2d79339d','{"How are you feeling?": "Well", "How badd is the pain?": 2, "Have you used some  of these narcotics": "Canabis"}');

insert into login_session values  ('0d60a85e-0b90-4482-a14c-108aea2557aa','0d60a85e-0b90-4482-a14c-108aea2557aa');
insert into login_session values  ('66a45c1b-19af-4ab5-8747-1b0e2d79339d','66a45c1b-19af-4ab5-8747-1b0e2d79339d');
insert into login_session values  ('39240e9f-ae09-4e95-9fd0-a712035c8ad7','39240e9f-ae09-4e95-9fd0-a712035c8ad7');
insert into login_session values  ('9e4de779-d6a0-44bc-a531-20cdb97178d2','9e4de779-d6a0-44bc-a531-20cdb97178d2');
